VERB,SG_GEN_-_1_PRES_IND,SG_GEN_-_2_PRES_IND,SG_GEN_-_3_PRES_IND,PL_GEN_-_1_PRES_IND,PL_GEN_-_2_PRES_IND,PL_GEN_-_3_PRES_IND,SG_GEN_M_1_PAST_IND,SG_GEN_F_1_PAST_IND,SG_GEN_M_2_PAST_IND,SG_GEN_F_2_PAST_IND,SG_GEN_M_3_PAST_IND,SG_GEN_F_3_PAST_IND,SG_GEN_N_3_PAST_IND,PL_GEN_M_1_PAST_IND,PL_GEN_F_1_PAST_IND,PL_GEN_M_2_PAST_IND,PL_GEN_F_2_PAST_IND,PL_GEN_M_3_PAST_IND,PL_GEN_F_3_PAST_IND,SG_GEN_M_1_-_PRE,SG_GEN_F_1_-_PRE,SG_GEN_M_2_-_PRE,SG_GEN_F_2_-_PRE,SG_GEN_M_3_-_PRE,SG_GEN_F_3_-_PRE,SG_GEN_N_3_-_PRE,PL_GEN_M_1_-_PRE,PL_GEN_F_1_-_PRE,PL_GEN_M_2_-_PRE,PL_GEN_F_2_-_PRE,PL_GEN_M_3_-_PRE,PL_GEN_F_3_-_PRE
słuchać,słucham,słuchasz,słucha,słuchamy,słuchacie,słuchają,słuchałem,słuchałam,słuchałeś,słuchałaś,słuchał,słuchała,słuchało,słuchaliśmy,słuchałyśmy,słuchaliście,słuchałyście,słuchali,słuchały,słuchałbym,słuchałabym,słuchałbyś,słuchałabyś,słuchałby,słuchałaby,słuchałoby,słuchalibyśmy,słuchałybyście,słuchalibyście,słuchałybyście,słuchaliby,słuchałyby
czytać,czytam,czytasz,czyta,czytamy,czytacie,czytają,czytałem,czytałam,czytałeś,czytałaś,czytał,czytała,czytało,czytaliśmy,czytałyśmy,czytaliście,czytałyście,czytali,czytały,czytałbym,czytałabym,czytałbyś,czytałabyś,czytałby,czytałaby,czytałoby,czytalibyśmy,czytałybyśmy,czytalibyście,czytałybyście,czytaliby,czytałyby
pisać,piszę,piszesz,pisze,piszemy,piszecie,piszą,pisałem,pisałam,pisałeś,pisałaś,pisał,pisała,pisało,pisaliśmy,pisałyśmy,pisaliście,pisałyście,pisali,pisały,pisałbym,pisałabym,pisałbyś,pisałabyś,pisałby,pisałaby,pisałoby,pisalibyśmy,pisałybyśmy,pisalibyście,pisałybyście,pisaliby,pisałyby
robić,robię,robisz,robi,robimy,robicie,robią,robiłem,robiłam,robiłeś,robiłaś,robił,robiła,robiło,robiliśmy,robiłyśmy,robiliście,robiłyście,robili,robiły,robiłbym,robiłabym,robiłbyś,robiłabyś,robiłby,robiłaby,robiłoby,robilibyśmy,robiłybyśmy,robilibyście,robiłybyście,robiliby,robiłyby
jeść,jem,jesz,je,jemy,jecie,jedzą,jadłem,jadłam,jadłeś,jadłaś,jadł,jadła,jadło,jedliśmy,jadłyśmy,jedliście,jadłyście,jedli,jadły,jadłbym,jadłabym,jadłbyś,jadłabyś,jadłby,jadłaby,jadłoby,jedlibyśmy,jadłybyśmy,jedlibyście,jadłybyście,jedliby,jadłyby
mieć,mam,masz,ma,mamy,macie,mają,miałem,miałam,miałeś,miałaś,miał,miała,miało,mieliśmy,miałyśmy,mieliście,miałyście,mieli,miały,miałbym,miałabym,miałbyś,miałabyś,miałby,miałaby,miałoby,mielibyśmy,miałybyśmy,mielibyście,miałybyście,mieliby,miałyby
iść,idę,idziesz,idzie,idziemy,idziecie,idą,szedłem,szłam,szedłeś,szłaś,szedł,szła,szło,szliśmy,szłyśmy,szliście,szłyście,szli,szły,szedłbym,szłabym,szedłbyś,szłabyś,szedłby,szłaby,szłoby,szlibyśmy,szłybyśmy,szlibyście,szłybyście,szliby,szłyby
pić,piję,pijesz,pije,pijemy,pijecie,piją,piłem,piłam,piłeś,piłaś,pił,piła,piło,piliśmy,piłyśmy,piliście,piłyście,pili,piły,piłbym,piłabym,piłbyś,piłabyś,piłby,piłaby,piłoby,pilibyśmy,piłybyśmy,pilibyście,piłybyście,piliby,piłyby
brać,biorę,bierzesz,bierze,bierzemy,bierzecie,biorą,brałem,brałam,brałeś,brałaś,brał,brała,brało,braliśmy,brałyśmy,braliście,brałyście,brali,brały,brałbym,brałabym,brałbyś,brałabyś,brałby,brałaby,brałoby,bralibyśmy,brałybyśmy,bralibyście,brałybyście,braliby,brałyby
dać,dam,dasz,da,damy,dacie,dadzą,dałem,dałam,dałeś,dałaś,dał,dała,dało,daliśmy,dałyśmy,daliscie,dałyście,dali,dały,dałbym,dałabym,dałbyś,dałabyś,dałby,dałaby,dałoby,dalibyśmy,dałybyśmy,dalibyście,dałybyście,daliby,dałyby
znać,znam,znasz,zna,znamy,znacie,znają,znałem,znałam,znałeś,znałaś,znał,znała,znało,znaliśmy,znałyśmy,znaliście,znałyście,znali,znały,znałbym,znałabym,znałbyś,znałabyś,znałby,znałaby,znałoby,znalibyśmy,znałybyśmy,znalibyście,znałybyście,znaliby,znałyby
spać,śpię,śpisz,śpi,śpimy,śpicie,śpią,spałem,spałam,spałeś,spałaś,spał,spała,spało,spaliśmy,spałyśmy,spaliście,spałyście,spali,spały,spałbym,spałabym,spałbyś,spałabyś,spałby,spałaby,spałoby,spalibyśmy,spałybyśmy,spalibyście,spałybyście,spaliby,spałyby
widzieć,widzę,widzisz,widzi,widzimy,widzicie,widzą,widziałem,widziałaś,widziałaś,widziałaś,widział,widziała,widziało,widzieliśmy,widziałyśmy,widzieliście,widziałyście,widzieli,widziały,widziałbym,widziała,bym,widziałbyś,widziała,byś,widziałby,widziała,by,widziało,by,widzielibyśmy,widziałybyśmy,widzielibyście,widziałybyście,widzieliby,widziałyby
chcieć,chcę,chcesz,chce,chcemy,chcecie,chcą,chciałem,chciałam,chciałeś,chciałaś,chciał,chciała,chciało,chcieliśmy,chciałyśmy,chcieliście,chciałyście,chcieli,chciały,chciałbym,chciałabym,chciałbyś,chciałabyś,chciałby,chciałaby,chciałoby,chcielibyśmy,chciałybyśmy,chcielibyście,chciałybyście,chcieliby,chciałyby
mówić,mówię,mówisz,mówi,mówimy,mówicie,mówią,mówiłem,mówiłam,mówiłeś,mówiłaś,mówił,mówiła,mówiło,mówiliśmy,mówiłyśmy,mówiliście,mówiłyście,mówili,mówiły,mówiłbym,mówiłabym,mówiłbyś,mówiłabyś,mówiłby,mówiłaby,mówiłoby,mówilibyśmy,mówiłybyśmy,mówilibyście,mówiłybyście,mówiliby,mówiłyby
kochać,kocham,kochasz,kocha,kochamy,kochacie,kochają,kochałem,kochałam,kochałeś,kochałaś,kochał,kochała,kochało,kochaliśmy,kochałyśmy,kochaliście,kochałyście,kochali,kochały,kochałbym,kochałabym,kochałbyś,kochałabyś,kochałby,kochałaby,kochałoby,kochalibyśmy,kochałybyśmy,kochalibyście,kochałybyście,kochaliby,kochałyby
pracować,pracuję,pracujesz,pracuje,pracujemy,pracujecie,pracują,pracowałem,pracowałam,pracowałeś,pracowałaś,pracował,pracowała,pracowało,pracowaliśmy,pracowałyśmy,pracowaliście,pracowałyście,pracowali,pracowały,pracowałbym,pracowałabym,pracowałbyś,pracowałabyś,pracowałby,pracowałaby,pracowałoby,pracowalibyśmy,pracowałybyśmy,pracowalibyście,pracowałybyście,pracowaliby,pracowałyby
żyć,żyję,żyjesz,żyje,żyjemy,żyjecie,żyją,żyłem,żyłam,żyłeś,żyłaś,żył,żyła,żyło,żyliśmy,żyłyśmy,żyliście,żyłyście,żyli,żyły,żyłbym,żyłabym,żyłbyś,żyłabyś,żyłby,żyłaby,żyłoby,żylibyśmy,żyłybyśmy,żylibyście,żyłybyście,żyliby,żyłyby
napisać,napiszę,napiszesz,napisze,napiszemy,napiszecie,napiszą,napisałem,napisałam,napisałeś,napisałaś,napisał,napisała,napisało,napisaliśmy,napisałyśmy,napisaliście,napisałyście,napisali,napisały,napisałbym,napisałabym,napisałbyś,napisałabyś,napisałby,napisałaby,napisałoby,napisalibyśmy,napisałybyśmy,napisalibyście,napisałybyście,napisaliby,napisałyby
zjeść,zjem,zjesz,zje,zjemy,zjecie,zjedzą,zjadłem,zjadłam,zjadłeś,zjadłaś,zjadł,zjadła,zjadło,zjedliśmy,zjadłyśmy,zjedliście,zjadłyście,zjedli,zjadły,zjadłbym,zjadłabym,zjadłbyś,zjadłabyś,zjadłby,zjadłaby,zjadłoby,zjedlibyśmy,zjadłybyśmy,zjedlibyście,zjadłybyście,zjedliby,zjadłyby
obejrzeć,obejrzę,obejrzysz,obejrzy,obejrzymy,obejrzycie,obejrzą,obejrzałem,obejrzałam,obejrzałeś,obejrzałaś,obejrzał,obejrzała,obejrzało,obejrzeliśmy,obejrzałyśmy,obejrzeliście,obejrzałyście,obejrzeli,obejrzały,obejrzałbym,obejrzałabym,obejrzałbyś,obejrzałabyś,obejrzałby,obejrzałaby,obejrzałoby,obejrzalibyśmy,obejrzałybyśmy,obejrzalibyście,obejrzałybyście,obejrzaliby,obejrzałyby
kupić,kupię,kupisz,kupi,kupimy,kupicie,kupią,kupiłem,kupiłam,kupiłeś,kupiłaś,kupił,kupiła,kupiło,kupiliśmy,kupiłyśmy,kupiliście,kupiłyście,kupili,kupiły,kupiłbym,kupiłabym,kupiłbyś,kupiłabyś,kupiłby,kupiłaby,kupiłoby,kupilibyśmy,kupiłybyśmy,kupilibyście,kupiłybyście,kupiliby,kupiłyby
pojechać,pojadę,pojedziesz,pojedzie,pojedziemy,pojedziecie,pojadą,pojechałem,pojechałam,pojechałeś,pojechałaś,pojechał,pojechała,pojechało,pojechaliśmy,pojechałyśmy,pojechaliście,pojechałyście,pojechali,pojechały,pojechałbym,pojechałabym,pojechałbyś,pojechałabyś,pojechałby,pojechałaby,pojechałoby,pojechalibyśmy,pojechałybyśmy,pojechalibyście,pojechałybyście,pojechaliby,pojechałyby
powiedzieć,powiem,powiesz,powie,powiemy,powiecie,powiedzą,powiedziałem,powiedziałam,powiedziałeś,powiedziałaś,powiedział,powiedziała,powiedziało,powiedzieliśmy,powiedziałyśmy,powiedzieliście,powiedziałyście,powiedzieli,powiedziały,powiedziałbym,powiedziałabym,powiedziałbyś,powiedziałabyś,powiedziałby,powiedziałaby,powiedziałoby,powiedzielibyśmy,powiedziałybyśmy,powiedzielibyście,powiedziałybyście,powiedzieliby,powiedziałyby
czyścić,czyszczę,czyszcisz,czyszczy, czyścimy,czyszcicie,czyszczą, czyściłem, czyściłam, czyściłeś, czyściłaś, czyścił, czyściła, czyściło, czyściliśmy, czyściłyśmy, czyściliście, czyściłyście, czyścili, czyściły, czyściłbym, czyściłabym, czyściłbyś, czyściłabyś, czyściłby, czyściłaby, czyściłoby, czyścilibyśmy, czyściłybyśmy, czyścilibyście, czyściłybyście, czyściliby, czyściłyby
biegać,biegam,biegasz,biega,biegamy,biegacie,biegają,biegałem,biegałam,biegałeś,biegałaś,biegał,biegała,biegało,biegaliśmy,biegałyśmy,biegaliście,biegałyście,biegali,biegały,biegałbym,biegałabym,biegałbyś,biegałabyś,biegałby,biegałaby,biegałoby,biegalibyśmy,biegałybyśmy,biegalibyście,biegałybyście,biegaliby,biegałyby
ugotować,ugotuję,ugotujesz,ugotuje,ugotujemy,ugotujecie,ugotują,ugotowałem,ugotowałam,ugotowałeś,ugotowałaś,ugotował,ugotowała,ugotowało,ugotowaliśmy,ugotowałyśmy,ugotowaliście,ugotowałyście,ugotowali,ugotowały,ugotowałbym,ugotowałabym,ugotowałbyś,ugotowałabyś,ugotowałby,ugotowałaby,ugotowałoby,ugotowalibyśmy,ugotowałybyśmy,ugotowalibyście,ugotowałybyście,ugotowaliby,ugotowałyby
pomagać,pomagam,pomagasz,pomaga,pomagamy,pomagacie,pomagają,pomagałem,pomagałam,pomagałeś,pomagałaś,pomagał,pomagała,pomagało,pomagaliśmy,pomagałyśmy,pomagaliście,pomagałyście,pomagali,pomagały,pomagałbym,pomagałabym,pomagałbyś,pomagałabyś,pomagałby,pomagałaby,pomagałoby,pomagalibyśmy,pomagałybyśmy,pomagalibyście,pomagałybyście,pomagaliby,pomagałyby
czyścić,czyszczę,czyszcisz,czyszczy,czyszczymy,czyszcicie,czyszczą,czyściłem,czyściłam,czyściłeś,czyściłaś,czyścił,czyściła,czyściło,czyściliśmy,czyściłyśmy,czyściliście,czyściłyście,czyścili,czyściły,czyściłbym,czyściłabym,czyściłbyś,czyściłabyś,czyściłby,czyściłaby,czyściłoby,czyścilibyśmy,czyściłybyśmy,czyścilibyście,czyściłybyście,czyściliby,czyściłyby
malować,maluję,malujesz,maluje,malujemy,malujecie,malują,malowałem,malowałam,malowałeś,malowałaś,malował,malowała,malowało,malowaliśmy,malowałyśmy,malowaliście,malowałyście,malowali,malowały,malowałbym,malowałabym,malowałbyś,malowałabyś,malowałby,malowałaby,malowałoby,malowalibyśmy,malowałybyśmy,malowalibyście,malowałybyście,malowaliby,malowałyby
gotować,gotuję,gotujesz,gotuje,gotujemy,gotujecie,gotują,gotowałem,gotowałam,gotowałeś,gotowałaś,gotował,gotowała,gotowało,gotowaliśmy,gotowałyśmy,gotowaliście,gotowałyście,gotowali,gotowały,gotowałbym,gotowałabym,gotowałbyś,gotowałabyś,gotowałby,gotowałaby,gotowałoby,gotowalibyśmy,gotowałybyśmy,gotowalibyście,gotowałybyście,gotowaliby,gotowałyby
zrozumieć,zrozumiem,zrozumiesz,zrozumie,zrozumiemy,zrozumiecie,zrozumieją,zrozumiałem,zrozumiałam,zrozumiałeś,zrozumiałaś,zrozumiał,zrozumiała,zrozumiało,zrozumieliśmy,zrozumiałyśmy,zrozumieliście,zrozumiałyście,zrozumieli,zrozumiały,zrozumiałbym,zrozumiałabym,zrozumiałbyś,zrozumiałabyś,zrozumiałby,zrozumiałaby,zrozumiałoby,zrozumielibyśmy,zrozumiałybyśmy,zrozumielibyście,zrozumiałybyście,zrozumieliby,zrozumiałyby
płakać,płaczę,płaczesz,płacze,płaczemy,płaczecie,płaczą,płakałem,płakałam,płakałeś,płakałaś,płakał,płakała,płakało,płakaliśmy,płakałyśmy,płakaliście,płakałyście,płakali,płakały,płakałbym,płakałabym,płakałbyś,płakałabyś,płakałby,płakałaby,płakałoby,płakalibyśmy,płakałybyśmy,płakalibyście,płakałybyście,płakaliby,płakałyby
śmiać się,śmieję się,śmiejesz się,śmieje się,śmiejemy się,śmiejecie się,śmieją się,śmiałem się,śmiałam się,śmiałeś się,śmiałaś się,śmiał się,śmiała się,śmiało się,śmialiśmy się,śmiałyśmy się,śmialiście się,śmiałyście się,śmiali się,śmiały się,śmiałbym się,śmiałabym się,śmiałbyś się,śmiałabyś się,śmiałby się,śmiałaby się,śmiałoby się,śmialibyśmy się,śmiałybyśmy się,śmialibyście się,śmiałybyście się,śmialiby się,śmiałyby się
tańczyć,tańczę,tańczysz,tańczy,tańczymy,tańczycie,tańczą,tańczyłem,tańczyłam,tańczyłeś,tańczyłaś,tańczył,tańczyła,tańczyło,tańczyliśmy,tańczyłyśmy,tańczyliście,tańczyłyście,tańczyli,tańczyły,tańczyłbym,tańczyłabym,tańczyłbyś,tańczyłabyś,tańczyłby,tańczyłaby,tańczyłoby,tańczylibyśmy,tańczyłybyśmy,tańczylibyście,tańczyłybyście,tańczyliby,tańczyłyby
biegać,biegam,biegasz,biega,biegamy,biegacie,biegają,biegałem,biegałam,biegałeś,biegałaś,biegał,biegała,biegało,biegaliśmy,biegałyśmy,biegaliście,biegałyście,biegali,biegały,biegałbym,biegałabym,biegałbyś,biegałabyś,biegałby,biegałaby,biegałoby,biegalibyśmy,biegałybyśmy,biegalibyście,biegałybyście,biegaliby,biegałyby
zamyślić się,zamyślę się,zamyślisz się,zamyśli się,zamyślimy się,zamyślicie się,zamyślą się,zamyśliłem się,zamyśliłam się,zamyśliłeś się,zamyśliłaś się,zamyślił się,zamyśliła się,zamyśliło się,zamyśliliśmy się,zamyśliłyśmy się,zamyśliliście się,zamyśliłyście się,zamyślili się,zamyśliły się,zamyśliłbym się,zamyśliłabym się,zamyśliłbyś się,zamyśliłabyś się,zamyśliłby się,zamyśliłaby się,zamyśliłoby się,zamyślibyśmy się,zamyśliłybyśmy się,zamyślibyście się,zamyśliłybyście się,zamyśliby się,zamyśliłyby się
naprawić,naprawię,naprawisz,naprawi,naprawimy,naprawicie,naprawią,naprawiłem,naprawiłam,naprawiłeś,naprawiłaś,naprawił,naprawiła,naprawiło,naprawiliśmy,naprawiłyśmy,naprawiliście,naprawiłyście,naprawili,naprawiły,naprawiłbym,naprawiłabym,naprawiłbyś,naprawiłabyś,naprawiłby,naprawiłaby,naprawiłoby,naprawilibyśmy,naprawiłybyśmy,naprawilibyście,naprawiłybyście,naprawiliby,naprawiłyby
znaleźć,znajdę,znajdziesz,znajdzie,znajdziemy,znajdziecie,znajdą,znalazłem,znalazłam,znalazłeś,znalazłaś,znalazł,znalazła,znalazło,znaleźliśmy,znalazłyśmy,znaleźliście,znalazłyście,znaleźli,znalazły,znalazłbym,znalazłabym,znalazłbyś,znalazłabyś,znalazłby,znalazłaby,znalazłoby,znaleźlibyśmy,znalazłybyśmy,znaleźlibyście,znalazłybyście,znaleźliby,znalazłyby
skończyć,skończę,skończysz,skończy,skończymy,skończycie,skończą,skończyłem,skończyłam,skończyłeś,skończyłaś,skończył,skończyła,skończyło,skończyliśmy,skończyłyśmy,skończyliście,skończyłyście,skończyli,skończyły,skończyłbym,skończyłabym,skończyłbyś,skończyłabyś,skończyłby,skończyłaby,skończyłoby,skończylibyśmy,skończyłybyśmy,skończylibyście,skończyłybyście,skończyliby,skończyłyby
włączyć,włączę,włączysz,włączy,włączymy,włączycie,włączą,włączyłem,włączyłam,włączyłeś,włączyłaś,włączył,włączyła,włączyło,włączyliśmy,włączyłyśmy,włączyliście,włączyłyście,włączyli,włączyły,włączyłbym,włączyłabym,włączyłbyś,włączyłabyś,włączyłby,włączyłaby,włączyłoby,włączylibyśmy,włączyłybyśmy,włączylibyście,włączyłybyście,włączyliby,włączyłyby
przyjechać,przyjadę,przyjedziesz,przyjedzie,przyjedziemy,przyjedziecie,przyjadą,przyjechałem,przyjechałam,przyjechałeś,przyjechałaś,przyjechał,przyjechała,przyjechało,przyjechaliśmy,przyjechałyśmy,przyjechaliście,przyjechałyście,przyjechali,przyjechały,przyjechałbym,przyjechałabym,przyjechałbyś,przyjechałabyś,przyjechałby,przyjechałaby,przyjechałoby,przyjechalibyśmy,przyjechałybyśmy,przyjechalibyście,przyjechałybyście,przyjechaliby,przyjechałyby
rozumieć,rozumiem,rozumiesz,rozumie,rozumiemy,rozumiecie,rozumieją,rozumiałem,rozumiałam,rozumiałeś,rozumiałaś,rozumiał,rozumiała,rozumiało,rozumieliśmy,rozumiałyśmy,rozumieliście,rozumiałyście,rozumieli,rozumiały,rozumiałbym,rozumiałabym,rozumiałbyś,rozumiałabyś,rozumiałby,rozumiałaby,rozumiałoby,rozumielibyśmy,rozumiałybyśmy,rozumielibyście,rozumiałybyście,rozumieliby,rozumiałyby
biec,biegnę,biegniesz,biegnie,biegniemy,biegniecie,biegną,biegłem,biegłam,biegłeś,biegłaś,biegł,biegła,biegło,biegliśmy,biegłyśmy,biegliście,biegłyście,biegli,biegły,biegłbym,biegłabym,biegłbyś,biegłabyś,biegłby,biegłaby,biegłoby,bieglibyśmy,biegłybyśmy,bieglibyście,biegłybyście,biegliby,biegłyby
śpiewać,śpiewam,śpiewasz,śpiewa,śpiewamy,śpiewacie,śpiewają,śpiewałem,śpiewałam,śpiewałeś,śpiewałaś,śpiewał,śpiewała,śpiewało,śpiewaliśmy,śpiewałyśmy,śpiewaliście,śpiewałyście,śpiewali,śpiewały,śpiewałbym,śpiewałabym,śpiewałbyś,śpiewałabyś,śpiewałby,śpiewałaby,śpiewałoby,śpiewalibyśmy,śpiewałybyśmy,śpiewalibyście,śpiewałybyście,śpiewaliby,śpiewałyby
płynąć,płynę,płyniesz,płynie,płyniemy,płyniecie,płyną,płynąłem,płynęłam,płynąłeś,płynęłaś,płynął,płynęła,płynęło,płynęliśmy,płynęłyśmy,płynęliście,płynęłyście,płynęli,płynęły,płynąłbym,płynęłabym,płynąłbyś,płynęłabyś,płynąłby,płynęłaby,płynęłoby,płynęlibyśmy,płynęłybyśmy,płynęlibyście,płynęłybyście,płynęliby,płynęłyby
mieszkać,mieszkam,mieszkasz,mieszka,mieszkamy,mieszkacie,mieszkają,mieszkałem,mieszkałam,mieszkałeś,mieszkałaś,mieszkał,mieszkała,mieszkało,mieszkaliśmy,mieszkałyśmy,mieszkaliście,mieszkałyście,mieszkali,mieszkały,mieszkałbym,mieszkałabym,mieszkałbyś,mieszkałabyś,mieszkałby,mieszkałaby,mieszkałoby,mieszkalibyśmy,mieszkałybyśmy,mieszkalibyście,mieszkałybyście,mieszkaliby,mieszkałyby
ubierać się,ubieram się,ubierasz się,ubiera się,ubieramy się,ubicie się,ubierają się,ubierałem się,ubierałam się,ubierałeś się,ubierałaś się,ubierał się,ubierała się,ubierało się,ubieraliśmy się,ubierałyśmy się,ubieraliście się,ubierałyście się,ubierali się,ubierały się,ubierałbym się,ubierałabym się,ubierałbyś się,ubierałabyś się,ubierałby się,ubierałaby się,ubierałoby się,ubieralibyśmy się,ubierałybyśmy się,ubieralibyście się,ubierałybyście się,ubieraliby się,ubierałyby się
myć się,myję się,myjesz się,myje się,myjemy się,myjecie się,myją się,myłem się,myłam się,myłeś się,myłaś się,mył się,myła się,myło się,myliśmy się,myłyśmy się,myliście się,myłyście się,myli się,myły się,myłbym się,myłabym się,myłbyś się,myłabyś się,myłby się,myłaby się,myłoby się,mylibyśmy się,myłybyśmy się,mylibyście się,myłybyście się,myliby się,myłyby się
spóźniać się,spóźniam się,spóźniasz się,spóźnia się,spóźniamy się,spóźniacie się,spóźniają się,spóźniałem się,spóźniałam się,spóźniałeś się,spóźniałaś się,spóźniał się,spóźniała się,spóźniało się,spóźnialiśmy się,spóźniałyśmy się,spóźnialiście się,spóźniałyście się,spóźniali się,spóźniały się,spóźniałbym się,spóźniałabym się,spóźniałbyś się,spóźniałabyś się,spóźniałby się,spóźniałaby się,spóźniałoby się,spóźnialibyśmy się,spóźniałybyśmy się,spóźnialibyście się,spóźniałybyście się,spóźnialiby się,spóźniałyby się
cieszyć się,cieszę się,cieszysz się,cieszy się,cieszymy się,cieszycie się,cieszą się,cieszyłem się,cieszyłam się,cieszyłeś się,cieszyłaś się,cieszył się,cieszyła się,cieszyło się,cieszyliśmy się,cieszyłyśmy się,cieszyliście się,cieszyłyście się,cieszyli się,cieszyły się,cieszyłbym się,cieszyłabym się,cieszyłbyś się,cieszyłabyś się,cieszyłby się,cieszyłaby się,cieszyłoby się,cieszylibyśmy się,cieszyłybyśmy się,cieszylibyście się,cieszyłybyście się,cieszyliby się,cieszyłyby się
bać się,boję się,boisz się,boi się,boimy się,boicie się,boją się,bałem się,bałam się,bałeś się,bałaś się,bał się,bała się,bało się,balismy się,bałyśmy się,baliscie się,bałyście się,balI się,bały się,bałbym się,bałabym się,bałbyś się,bałabyś się,bałby się,bałaby się,bałoby się,balibyśmy się,bałybyśmy się,balibyście się,bałybyście się,baliby się,bałyby się
uśmiechać się,uśmiecham się,uśmiechasz się,uśmiecha się,uśmiechamy się,uśmiechacie się,uśmiechają się,uśmiechałem się,uśmiechałam się,uśmiechałeś się,uśmiechałaś się,uśmiechał się,uśmiechała się,uśmiechało się,uśmiechaliśmy się,uśmiechałyśmy się,uśmiechaliście się,uśmiechałyście się,uśmiechali się,uśmiechały się,uśmiechałbym się,uśmiechałabym się,uśmiechałbyś się,uśmiechałabyś się,uśmiechałby się,uśmiechałaby się,uśmiechałoby się,uśmiechalibyśmy się,uśmiechałybyśmy się,uśmiechalibyście się,uśmiechałybyście się,uśmiechaliby się,uśmiechałyby się
wstawać,wstaję,wstajesz,wstaje,wstajemy,wstajecie,wstają,wstałem,wstałam,wstałeś,wstałaś,wstał,wstała,wstało,wstaliśmy,wstałyśmy,wstaliście,wstałyście,wstali,wstały,wstałbym,wstałabym,wstałbyś,wstałabyś,wstałby,wstałaby,wstałoby,wstalibyśmy,wstałybyśmy,wstalibyście,wstałybyście,wstaliby,wstałyby
siadać,siadam,siedzisz,siada,siadamy,siadacie,siadają,siadałem,siadałam,siadałeś,siadałaś,siadał,siadała,siadało,siadaliśmy,siadałyśmy,siadaliście,siadałyście,siadali,siadały,siadałbym,siadałabym,siadałbyś,siadałabyś,siadałby,siadałaby,siadałoby,siadalibyśmy,siadałybyśmy,siadalibyście,siadałybyście,siadaliby,siadałyby
wracać,wracam,wracasz,wraca,wracamy,wracacie,wracają,wracałem,wracałam,wracałeś,wracałaś,wracał,wracała,wracało,wracaliśmy,wracałyśmy,wracaliście,wracałyście,wracali,wracały,wracałbym,wracałabym,wracałbyś,wracałabyś,wracałby,wracałaby,wracałoby,wracalibyśmy,wracałybyśmy,wracalibyście,wracałybyście,wracaliby,wracałyby
zaczynać,zaczynam,zaczynasz,zaczyna,zaczynamy,zaczynacie,zaczynają,zaczynałem,zaczynałam,zaczynałeś,zaczynałaś,zaczynał,zaczynała,zaczynało,zaczynaliśmy,zaczynałyśmy,zaczynaliście,zaczynałyście,zaczynali,zaczynały,zaczynałbym,zaczynałabym,zaczynałbyś,zaczynałabyś,zaczynałby,zaczynałaby,zaczynałoby,zaczynalibyśmy,zaczynałybyśmy,zaczynalibyście,zaczynałybyście,zaczynaliby,zaczynałyby
ubrać się,ubiorę się,ubierzesz się,ubierze się,ubierzemy się,ubierzecie się,ubiorą się,ubrałem się,ubrałam się,ubrałeś się,ubrałaś się,ubrał się,ubrała się,ubrało się,ubraliśmy się,ubrałyśmy się,ubraliście się,ubrałyście się,ubrali się,ubrały się,ubrałbym się,ubrałabym się,ubrałbyś się,ubrałabyś się,ubrałby się,ubrałaby się,ubrałoby się,ubralibyśmy się,ubrałybyśmy się,ubralibyście się,ubrałybyście się,ubraliby się,ubrałyby się
spóźnić się,spóźnię się,spóźnisz się,spóźni się,spóźnimy się,spóźnicie się,spóźnią się,spóźniłem się,spóźniłam się,spóźniłeś się,spóźniłaś się,spóźnił się,spóźniła się,spóźniło się,spóźniliśmy się,spóźniłyśmy się,spóźniliście się,spóźniłyście się,spóźnili się,spóźniły się,spóźniłbym się,spóźniłabym się,spóźniłbyś się,spóźniłabyś się,spóźniłby się,spóźniłaby się,spóźniłoby się,spóźnilibyśmy się,spóźniłybyśmy się,spóźnilibyście się,spóźniłybyście się,spóźniliby się,spóźniłyby się
uśmiechnąć się,uśmiechnę się,uśmiechniesz się,uśmiechnie się,uśmiechniemy się,uśmiechniecie się,uśmiechną się,uśmiechnąłem się,uśmiechnęłam się,uśmiechnąłeś się,uśmiechnęłaś się,uśmiechnął się,uśmiechnęła się,uśmiechnęło się,uśmiechnęliśmy się,uśmiechnęłyśmy się,uśmiechnęliście się,uśmiechnęłyście się,uśmiechnęli się,uśmiechnęły się,uśmiechnąłbym się,uśmiechnęłabym się,uśmiechnąłbyś się,uśmiechnęłabyś się,uśmiechnąłby się,uśmiechnęłaby się,uśmiechnęłoby się,uśmiechnęlibyśmy się,uśmiechnęłybyśmy się,uśmiechnęlibyście się,uśmiechnęłybyście się,uśmiechnęliby się,uśmiechnęłyby się
położyć się,położę się,położysz się,położy się,położymy się,położycie się,położą się,położyłem się,położyłam się,położyłeś się,położyłaś się,położył się,położyła się,położyło się,położyliśmy się,położyłyśmy się,położyliście się,położyłyście się,położyli się,położyły się,położyłbym się,położyłabym się,położyłbyś się,położyłabyś się,położyłby się,położyłaby się,położyłoby się,położylibyśmy się,położyłybyśmy się,położylibyście się,położyłybyście się,położyliby się,położyłyby się
zdecydować się,zdecyduję się,zdecydujesz się,zdecyduje się,zdecydujemy się,zdecydujecie się,zdecydują się,zdecydowałem się,zdecydowałam się,zdecydowałeś się,zdecydowałaś się,zdecydował się,zdecydowała się,zdecydowało się,zdecydowaliśmy się,zdecydowałyśmy się,zdecydowaliście się,zdecydowałyście się,zdecydowali się,zdecydowały się,zdecydowałbym się,zdecydowałabym się,zdecydowałbyś się,zdecydowałabyś się,zdecydowałby się,zdecydowałaby się,zdecydowałoby się,zdecydowalibyśmy się,zdecydowałybyśmy się,zdecydowalibyście się,zdecydowałybyście się,zdecydowaliby się,zdecydowałyby się
czyścić,czyszczę,czyścisz,czyści,czyścimy,czyścicie,czyszczą,czyściłem,czyściłam,czyściłeś,czyściłaś,czyścił,czyściła,czyściło,czyściliśmy,czyściłyśmy,czyściliście,czyściłyście,czyścili,czyściły,czyściłbym,czyściłabym,czyściłbyś,czyściłabyś,czyściłby,czyściłaby,czyściłoby,czyscilibyśmy,czyściłybyśmy,czyscilibyście,czyściłybyście,czysciliby,czyściłyby
gotować,gotuję,gotujesz,gotuje,gotujemy,gotujecie,gotują,gotowałem,gotowałam,gotowałeś,gotowałaś,gotował,gotowała,gotowało,gotowaliśmy,gotowałyśmy,gotowaliście,gotowałyście,gotowali,gotowały,gotowałbym,gotowałabym,gotowałbyś,gotowałabyś,gotowałby,gotowałaby,gotowałoby,gotowalibyśmy,gotowałybyśmy,gotowalibyście,gotowałybyście,gotowaliby,gotowałyby
zjeść,zjem,zjesz,zje,zjemy,zjecie,zjedzą,zjadłem,zjadłam,zjadłeś,zjadłaś,zjadł,zjadła,zjadło,zjedliśmy,zjadłyśmy,zjedliście,zjadłyście,zjedli,zjadły,zjadłbym,zjadłabym,zjadłbyś,zjadłabyś,zjadłby,zjadłaby,zjadłoby,zjedlibyśmy,zjadłybyśmy,zjedlibyście,zjadłybyście,zjedliby,zjadłyby
odpowiedzieć,odpowiem,odpowiesz,odpowie,odpowiemy,odpowiecie,odpowiedzą,odpowiedziałem,odpowiedziałam,odpowiedziałeś,odpowiedziałaś,odpowiedział,odpowiedziała,odpowiedziało,odpowiedzieliśmy,odpowiedziałyśmy,odpowiedzieliście,odpowiedziałyście,odpowiedzieli,odpowiedziały,odpowiedziałbym,odpowiedziałabym,odpowiedziałbyś,odpowiedziałabyś,odpowiedziałby,odpowiedziałaby,odpowiedziałoby,odpowiedzielibyśmy,odpowiedziałybyśmy,odpowiedzielibyście,odpowiedziałybyście,odpowiedzieliby,odpowiedziałyby
nauczyć się,nauczę się,nauczysz się,nauczy się,nauczymy się,nauczycie się,nauczą się,nauczyłem się,nauczyłam się,nauczyłeś się,nauczyłaś się,nauczył się,nauczyła się,nauczyło się,nauczyliśmy się,nauczyłyśmy się,nauczyliście się,nauczyłyście się,nauczyli się,nauczyły się,nauczyłbym się,nauczyłabym się,nauczyłbyś się,nauczyłabyś się,nauczyłby się,nauczyłaby się,nauczyłoby się,nauczylibyśmy się,nauczyłybyśmy się,nauczylibyście się,nauczyłybyście się,nauczyliby się,nauczyłyby się
móc,mogę,możesz,może,możemy,możecie,mogą,mogłem,mogłam,mogłeś,mogłaś,mógł,mogła,mogło,mogliśmy,mogłyśmy,mogliście,mogłyście,mogli,mogły,mógłbym,mogłabym,mógłbyś,mogłabyś,mógłby,mogłaby,mogłoby,moglibyśmy,mogłybyśmy,moglibyście,mogłybyście,mogliby,mogłyby
wołać,wołam,wołasz,woła,wołamy,wołacie,wołają,wołałem,wołałam,wołałeś,wołałaś,wołał,wołała,wołało,wołaliśmy,wołałyśmy,wołaliście,wołałyście,wołali,wołały,wołałbym,wołałabym,wołałbyś,wołałabyś,wołałby,wołałaby,wołałoby,wołalibyśmy,wołałybyśmy,wołalibyście,wołałybyście,wołaliby,wołałyby
spaść,spadam,spadasz,spada,spadamy,spadacie,spadają,spadłem,spadłam,spadłeś,spadłaś,spadł,spadła,spadło,spadliśmy,spadłyśmy,spadliście,spadłyście,spadli,spadły,spadłbym,spadłabym,spadłbyś,spadłabyś,spadłby,spadłaby,spadłoby,spadlibyśmy,spadłybyśmy,spadlibyście,spadłybyście,spadliby,spadłyby
siedzieć,siedzę,siedzisz,siedzi,siedzimy,siedzicie,siedzą,siedziałem,siedziałam,siedziałeś,siedziałaś,siedział,siedziała,siedziało,siedzieliśmy,siedziałyśmy,siedzieliście,siedziałyście,siedzieli,siedziały,siedziałbym,siedziałabym,siedziałbyś,siedziałabyś,siedziałby,siedziałaby,siedziałoby,siedzielibyśmy,siedziałybyśmy,siedzielibyście,siedziałybyście,siedzieliby,siedziałyby
mówić,mówię,mówisz,mówi,mówimy,mówicie,mówią,mówiłem,mówiłam,mówiłeś,mówiłaś,mówił,mówiła,mówiło,mówiliśmy,mówiłyśmy,mówiliście,mówiłyście,mówili,mówiły,mówiłbym,mówiłabym,mówiłbyś,mówiłabyś,mówiłby,mówiłaby,mówiłoby,mówilibyśmy,mówiłybyśmy,mówilibyście,mówiłybyście,mówiliby,mówiłyby
myśleć,myślę,myślisz,myśli,myślimy,myślicie,myślą,myślałem,myślałam,myślałeś,myślałaś,myślał,myślała,myślało,myśleliśmy,myślałyśmy,myśleliście,myślałyście,myśleli,myślały,myślałbym,myślałabym,myślałbyś,myślałabyś,myślałby,myślałaby,myślałoby,myślelibyśmy,myślałybyśmy,myślelibyście,myślałybyście,myśleliby,myślałyby
leżeć,leżę,leżysz,leży,leżymy,leżycie,leżą,leżałem,leżałam,leżałeś,leżałaś,leżał,leżała,leżało,leżeliśmy,leżałyśmy,leżeliście,leżałyście,leżeli,leżały,leżałbym,leżałabym,leżałbyś,leżałabyś,leżałby,leżałaby,leżałoby,leżelibyśmy,leżałybyśmy,leżelibyście,leżałybyście,leżeliby,leżałyby
stać,stoję,stoisz,stoi,stoimy,stoicie,stoją,stałem,stałam,stałeś,stałaś,stał,stała,stało,staliśmy,stałyśmy,staliście,stałyście,stali,stały,stałbym,stałabym,stałbyś,stałabyś,stałby,stałaby,stałoby,stalibyśmy,stałybyśmy,stalibyście,stałybyście,staliby,stałyby
biegać,biegam,biegasz,biega,biegamy,biegacie,biegają,biegałem,biegałam,biegałeś,biegałaś,biegał,biegała,biegało,biegaliśmy,biegałyśmy,biegaliście,biegałyście,biegali,biegały,biegałbym,biegałabym,biegałbyś,biegałabyś,biegałby,biegałaby,biegałoby,biegalibyśmy,biegałybyśmy,biegalibyście,biegałybyście,biegaliby,biegałyby
śmiać się,śmieję się,śmiejesz się,śmieje się,śmiejemy się,śmiejecie się,śmieją się,śmiałem się,śmiałam się,śmiałeś się,śmiałaś się,śmiał się,śmiała się,śmiało się,śmialiśmy się,śmiałyśmy się,śmialiście się,śmiałyście się,śmiali się,śmiały się,śmiałbym się,śmiałabym się,śmiałbyś się,śmiałabyś się,śmiałby się,śmiałaby się,śmiałoby się,śmialibyśmy się,śmiałybyśmy się,śmialibyście się,śmiałybyście się,śmialiby się,śmiałyby się
uczyć się,uczę się,uczysz się,uczy się,uczymy się,uczycie się,uczą się,uczyłem się,uczyłam się,uczyłeś się,uczyłaś się,uczył się,uczyła się,uczyło się,uczyliśmy się,uczyłyśmy się,uczyliście się,uczyłyście się,uczyli się,uczyły się,uczyłbym się,uczyłabym się,uczyłbyś się,uczyłabyś się,uczyłby się,uczyłaby się,uczyłoby się,uczylibyśmy się,uczyłybyśmy się,uczylibyście się,uczyłybyście się,uczyliby się,uczyłyby się
bać się,boję się,boisz się,boi się,boimy się,boicie się,boją się,bałem się,bałam się,bałeś się,bałaś się,bał się,bała się,bało się,baliśmy się,bałyśmy się,baliście się,bałyście się,bali się,bały się,bałbym się,bałabym się,bałbyś się,bałabyś się,bałby się,bałaby się,bałoby się,balibyśmy się,bałybyśmy się,balibyście się,bałybyście się,baliby się,bałyby się
jechać,jadę,jedziesz,jedzie,jedziemy,jedziecie,jadą,jechałem,jechałam,jechałeś,jechałaś,jechał,jechała,jechało,jechaliśmy,jechałyśmy,jechaliście,jechałyście,jechali,jechały,jechałbym,jechałabym,jechałbyś,jechałabyś,jechałby,jechałaby,jechałoby,jechalibyśmy,jechałybyśmy,jechalibyście,jechałybyście,jechaliby,jechałyby
lubić,lubię,lubisz,lubi,lubimy,lubicie,lubią,lubiłem,lubiłam,lubiłeś,lubiłaś,lubił,lubiła,lubiło,lubiliśmy,lubiłyśmy,lubiliście,lubiłyście,lubili,lubiły,lubiłbym,lubiłabym,lubiłbyś,lubiłabyś,lubiłby,lubiłaby,lubiłoby,lubilibyśmy,lubiłybyśmy,lubilibyście,lubiłybyście,lubiliby,lubiłyby
pytać,pytam,pytasz,pyta,pytamy,pytacie,pyta,jpytają,pytałem,pytałam,pytałeś,pytałaś,pytał,pytała,pytało,pytaliśmy,pytałyśmy,pytaliście,pytałyście,pytali,pytały,pytałbym,pytałabym,pytałbyś,pytałabyś,pytałby,pytałaby,pytałoby,pytalibyśmy,pytałybyśmy,pytalibyście,pytałybyście,pytaliby,pytałyby
patrzeć,patrzę,patrzysz,patrzy,patrzymy,patrzycie,patrzą,patrzyłem,patrzyłam,patrzyłeś,patrzyłaś,patrzył,patrzyła,patrzyło,patrzyliśmy,patrzyłyśmy,patrzyliście,patrzyłyście,patrzyli,patrzyły,patrzyłbym,patrzyłabym,patrzyłbyś,patrzyłabyś,patrzyłby,patrzyłaby,patrzyłoby,patrzylibyśmy,patrzyłybyśmy,patrzylibyście,patrzyłybyście,patrzyliby,patrzyłyby
siedzieć,siedzę,siedzisz,siedzi,siedzimy,siedzicie,siedzą,siedziałem,siedziałam,siedziałeś,siedziałaś,siedział,siedziała,siedziało,siedzieliśmy,siedziałyśmy,siedzieliście,siedziałyście,siedzieli,siedziały,siedziałbym,siedziałabym,siedziałbyś,siedziałabyś,siedziałby,siedziałaby,siedziałoby,siedzielibyśmy,siedziałybyśmy,siedzielibyście,siedziałybyście,siedzieliby,siedziałyby
gadać,gadam,gadasz,gada,gadamy,gadacie,gadają,gadałem,gadałam,gadałeś,gadałaś,gadał,gadała,gadało,gadaliśmy,gadałyśmy,gadaliście,gadałyście,gadali,gadały,gadałbym,gadałabym,gadałbyś,gadałabyś,gadałby,gadałaby,gadałoby,gadalibyśmy,gadałybyśmy,gadalibyście,gadałybyście,gadaliby,gadałyby
śpiewać,śpiewam,śpiewasz,śpiewa,śpiewamy,śpiewacie,śpiewają,śpiewałem,śpiewałam,śpiewałeś,śpiewałaś,śpiewał,śpiewała,śpiewało,śpiewaliśmy,śpiewałyśmy,śpiewaliście,śpiewałyście,śpiewali,śpiewały,śpiewałbym,śpiewałabym,śpiewałbyś,śpiewałabyś,śpiewałby,śpiewałaby,śpiewałoby,śpiewalibyśmy,śpiewałybyśmy,śpiewalibyście,śpiewałybyście,śpiewaliby,śpiewałyby
gotować,gotuję,gotujesz,gotuje,gotujemy,gotujecie,gotują,gotowałem,gotowałam,gotowałeś,gotowałaś,gotował,gotowała,gotowało,gotowaliśmy,gotowałyśmy,gotowaliście,gotowałyście,gotowali,gotowały,gotowałbym,gotowałabym,gotowałbyś,gotowałabyś,gotowałby,gotowałaby,gotowałoby,gotowalibyśmy,gotowałybyśmy,gotowalibyście,gotowałybyście,gotowaliby,gotowałyby
sprzątać,sprzątam,sprzątasz,sprząta,sprzątamy,sprzątacie,sprzątają,sprzątałem,sprzątałam,sprzątałeś,sprzątałaś,sprzątał,sprzątała,sprzątało,sprzątaliśmy,sprzątałyśmy,sprzątaliście,sprzątałyście,sprzątali,sprzątały,sprzątałbym,sprzątałabym,sprzątałbyś,sprzątałabyś,sprzątałby,sprzątałaby,sprzątałoby,sprzątalibyśmy,sprzątałybyśmy,sprzątalibyście,sprzątałybyście,sprzątaliby,sprzątałyby
ubierać się,ubieram się,ubierasz się,ubiera się,ubieramy się,ubieracie się,ubierają się,ubierałem się,ubierałam się,ubierałeś się,ubierałaś się,ubierał się,ubierała się,ubierało się,ubieraliśmy się,ubierałyśmy się,ubieraliście się,ubierałyście się,ubierali się,ubierały się,ubierałbym się,ubierałabym się,ubierałbyś się,ubierałabyś się,ubierałby się,ubierałaby się,ubierałoby się,ubieralibyśmy się,ubierałybyśmy się,ubieralibyście się,ubierałybyście się,ubieraliby się,ubierałyby się
cieszyć się,cieszę się,cieszysz się,cieszy się,cieszymy się,cieszycie się,cieszą się,cieszyłem się,cieszyłam się,cieszyłeś się,cieszyłaś się,cieszył się,cieszyła się,cieszyło się,cieszyliśmy się,cieszyłyśmy się,cieszyliście się,cieszyłyście się,cieszyli się,cieszyły się,cieszyłbym się,cieszyłabym się,cieszyłbyś się,cieszyłabyś się,cieszyłby się,cieszyłaby się,cieszyłoby się,cieszylibyśmy się,cieszyłybyśmy się,cieszylibyście się,cieszyłybyście się,cieszyliby się,cieszyłyby się
bawić się,bawię się,bawisz się,bawi się,bawimy się,bawicie się,bawią się,bawiłem się,bawiłam się,bawiłeś się,bawiłaś się,bawił się,bawiła się,bawiło się,bawiliśmy się,bawiłyśmy się,bawiliście się,bawiłyście się,bawili się,bawiły się,bawiłbym się,bawiłabym się,bawiłbyś się,bawiłabyś się,bawiłby się,bawiłaby się,bawiłoby się,bawilibyśmy się,bawiłybyśmy się,bawilibyście się,bawiłybyście się,bawiliby się,bawiłyby się
oglądać,oglądam,oglądasz,ogląda,oglądamy,oglądacie,oglądają,oglądałem,oglądałam,oglądałeś,oglądałaś,oglądał,oglądała,oglądało,oglądaliśmy,oglądałyśmy,oglądaliście,oglądałyście,oglądali,oglądały,oglądałbym,oglądałabym,oglądałbyś,oglądałabyś,oglądałby,oglądałaby,oglądałoby,oglądalibyśmy,oglądałybyśmy,oglądalibyście,oglądałybyście,oglądaliby,oglądałyby
oglądać się,oglądam się,oglądasz się,ogląda się,oglądamy się,oglądacie się,oglądają się,oglądałem się,oglądałam się,oglądałeś się,oglądałaś się,oglądał się,oglądała się,oglądało się,oglądaliśmy się,oglądałyśmy się,oglądaliście się,oglądałyście się,oglądali się,oglądały się,oglądałbym się,oglądałabym się,oglądałbyś się,oglądałabyś się,oglądałby się,oglądałaby się,oglądałoby się,oglądalibyśmy się,oglądałybyśmy się,oglądalibyście się,oglądałybyście się,oglądaliby się,oglądałyby się
grać,gram,grasz,gra,gramy,gracie,grają,grałem,grałam,grałeś,grałaś,grał,grała,grało,graliśmy,grałyśmy,graliście,grałyście,grali,grały,grałbym,grałabym,grałbyś,grałabyś,grałby,grałaby,grałoby,gralibyśmy,grałybyśmy,gralibyście,grałybyście,graliby,grałyby
biegać,biegam,biegasz,biega,biegamy,biegacie,biegają,biegałem,biegałam,biegałeś,biegałaś,biegał,biegała,biegało,biegaliśmy,biegałyśmy,biegaliście,biegałyście,biegali,biegały,biegałbym,biegałabym,biegałbyś,biegałabyś,biegałby,biegałaby,biegałoby,biegalibyśmy,biegałybyśmy,biegalibyście,biegałybyście,biegaliby,biegałyby
kupować,kupuję,kupujesz,kupuje,kupujemy,kupujecie,kupują,kupowałem,kupowałam,kupowałeś,kupowałaś,kupował,kupowała,kupowało,kupowaliśmy,kupowałyśmy,kupowaliście,kupowałyście,kupowali,kupowały,kupowałbym,kupowałabym,kupowałbyś,kupowałabyś,kupowałby,kupowałaby,kupowałoby,kupowalibyśmy,kupowałybyśmy,kupowalibyście,kupowałybyście,kupowaliby,kupowałyby
rozmawiać,rozmawiam,rozmawiasz,rozmawia,rozmawiamy,rozmawiacie,rozmawiają,rozmawiałem,rozmawiałam,rozmawiałeś,rozmawiałaś,rozmawiał,rozmawiała,rozmawiało,rozmawialiśmy,rozmawiałyśmy,rozmawialiście,rozmawiałyście,rozmawiali,rozmawiały,rozmawiałbym,rozmawiałabym,rozmawiałbyś,rozmawiałabyś,rozmawiałby,rozmawiałaby,rozmawiałoby,rozmawalibyśmy,rozmawiałybyśmy,rozmawalibyście,rozmawiałybyście,rozmawaliby,rozmawiałyby
chodzić,chodzę,chodzisz,chodzi,chodzimy,chodzicie,chodzą,chodziłem,chodziłam,chodziłeś,chodziłaś,chodził,chodziła,chodziło,chodziliśmy,chodziłyśmy,chodziliście,chodziłyście,chodzili,chodziły,chodziłbym,chodziłabym,chodziłbyś,chodziłabyś,chodziłby,chodziłaby,chodziłoby,chodzilibyśmy,chodziłybyśmy,chodzilibyście,chodziłybyście,chodziliby,chodziłyby
oglądać filmy,oglądam filmy,oglądasz filmy,ogląda filmy,oglądamy filmy,oglądacie filmy,oglądają filmy,oglądałem filmy,oglądałam filmy,oglądałeś filmy,oglądałaś filmy,oglądał filmy,oglądała filmy,oglądało filmy,oglądaliśmy filmy,oglądałyśmy filmy,oglądaliście filmy,oglądałyście filmy,oglądali filmy,oglądały filmy,oglądałbym filmy,oglądałabym filmy,oglądałbyś filmy,oglądałabyś filmy,oglądałby filmy,oglądałaby filmy,oglądałoby filmy,oglądalibyśmy filmy,oglądałybyśmy filmy,oglądalibyście filmy,oglądałybyście filmy,oglądaliby filmy,oglądałyby filmy
rozumieć,rozumiem,rozumiesz,rozumie,rozumiemy,rozumiecie,rozumie,rozumiałem,rozumiałam,rozumiałeś,rozumiałaś,rozumiał,rozumiała,rozumiało,rozumieliśmy,rozumiałyśmy,rozumieliście,rozumiałyście,rozumieli,rozumiały,rozumiałbym,rozumiałabym,rozumiałbyś,rozumiałabyś,rozumiałby,rozumiałaby,rozumiałoby,rozumielibyśmy,rozumiałybyśmy,rozumielibyście,rozumiałybyście,rozumieliby,rozumiałyby
słyszeć,słyszę,słyszysz,słyszy,słyszymy,słyszycie,słyszą,słyszałem,słyszałam,słyszałeś,słyszałaś,słyszał,słyszała,słyszało,słyszeliśmy,słyszałyśmy,słyszeliście,słyszałyście,słyszeli,słyszały,słyszałbym,słyszałabym,słyszałbyś,słyszałabyś,słyszałby,słyszałaby,słyszałoby,słyszelibyśmy,słyszałybyśmy,słyszelibyście,słyszałybyście,słyszeliby,słyszałyby
szukać,szukam,szukasz,szuka,szukamy,szukacie,szukają,szukałem,szukałam,szukałeś,szukałaś,szukał,szukała,szukało,szukaliśmy,szukałyśmy,szukaliście,szukałyście,szukali,szukały,szukałbym,szukałabym,szukałbyś,szukałabyś,szukałby,szukałaby,szukałoby,szukalibyśmy,szukałybyśmy,szukalibyście,szukałybyście,szukaliby,szukałyby
zapytać,zapytam,zapytasz,zapytam,zapytamy,zapytacie,zapytają,zapytałem,zapytałam,zapytałeś,zapytałaś,zapytał,zapytała,zapytało,zapytaliśmy,zapytałyśmy,zapytaliście,zapytałyście,zapytali,zapytały,zapytałbym,zapytałabym,zapytałbyś,zapytałabyś,zapytałby,zapytałaby,zapytałoby,zapytalibyśmy,zapytałybyśmy,zapytalibyście,zapytałybyście,zapytaliby,zapytałyby
zabawiać się,zabawiam się,zabawiasz się,zabawia się,zabawiamy się,zabawicie się,zabawiają się,zabawiałem się,zabawiałam się,zabawiałeś się,zabawiałaś się,zabawiał się,zabawiała się,zabawiało się,zabawialiśmy się,zabawiałyśmy się,zabawialiście się,zabawiałyście się,zabawiali się,zabawiały się,zabawiałbym się,zabawiałabym się,zabawiałbyś się,zabawiałabyś się,zabawiałby się,zabawiałaby się,zabawiałoby się,zabawialibyśmy się,zabawiałybyśmy się,zabawialibyście się,zabawiałybyście się,zabawialiby się,zabawiałyby się